<project name="Maven">
  <skin>
  <groupId>am.skins</groupId>
   <artifactId>am-skin-standard</artifactId>
   <version>1.2</version>
  </skin>
 <bannerLeft>
  <name>ArcelorMittal</name>
  <src>images/arcelormittal.png</src>
  <href>http://www.arcelormittal.com</href>
 </bannerLeft>
 <bannerRight>
 	<name>${project.artifactId}</name>
 </bannerRight>
 <publishDate format="dd MMM yyyy HH:mm" />
 <version position="left"/>
 <poweredBy> 
 	<logo width="0" height="0"/>
 </poweredBy>
 <body>
  <links>
   <item name="Web JAVA" href="http://web-maven-site" />
   <item name="Maven Repository" href="http://web-maven-repo"/>
   <item name="Maven IC" href="http://web-maven-ic"/>
   <item name="AJF Framework" href="http://web-java/projects/index.html" />
   <item name="Maven" href="http://maven.apache.org/maven2/" />
   <item name="TAE website" href="https://www.myarcelormittal.com/BGAuth/LoginScreen?RPReferer=/sps1/portal/teamsites/ITFCETAE/default.aspx" />
   <item name="TAE Wiki" href="http://web-xwiki" />
  </links>

  <menu name="Documentation">
      <item name="Home" href="index.html" />
  </menu>

  <menu ref="reports"/>

 </body>
</project>
