<?xml version="1.0"?>
<!DOCTYPE Configure PUBLIC "-//Mort Bay Consulting//DTD Configure//EN" "http://jetty.mortbay.org/configure.dtd">

<Configure id="epp-ui" class="org.mortbay.jetty.webapp.WebAppContext">

	<!-- an DataSource -->
	<!--
		<New id="epprepo" class="org.mortbay.jetty.plus.naming.Resource">
	-->
	<!--		<Arg>-->
	<!--			<Ref id="epp-ui" />-->
	<!--		</Arg>-->
	<!--		<Arg>jdbc/ETNAEPP_DS</Arg>-->
	<!--		<Arg>-->
	<!--			<New class="org.apache.derby.jdbc.EmbeddedDataSource">-->
	<!--				<Set name="DatabaseName">target/epprepo</Set>-->
	<!--				<Set name="createDatabase">create</Set>-->
	<!--			</New>-->
	<!--		</Arg>-->
	<!--	</New>-->

	<New id="epprepo" class="org.mortbay.jetty.plus.naming.Resource">
		<Arg></Arg>
		<Arg>jdbc/ETNA_ETNAFLOW_DS</Arg>
		<Arg>
			<New class="com.ibm.db2.jcc.DB2SimpleDataSource">
				<Set name="DatabaseName">FLOWPOC</Set>
				<Set name="User">etnadb</Set>
				<Set name="Password">etn@db</Set>
				<Set name="DriverType">4</Set>
				<Set name="ServerName">dundevsoa55.appliarmony.net
				</Set>
				<Set name="PortNumber">50000</Set>

			</New>
		</Arg>
	</New>
</Configure>
