<?xml version="1.0"?>
<document xmlns="http://maven.apache.org/XDOC/2.0"
  xmlns:xsi="http://www.w3.org/2001/XMLSchema-instance"
  xsi:schemaLocation="http://maven.apache.org/XDOC/2.0 http://maven.apache.org/xsd/xdoc-2.0.xsd">
  <properties>
	<title></title>
  </properties>
  <body>
  	<section name="Welcome">
	  <p>
	  	
	  </p>
	  <subsection name="Reporting">
	  	You will found the reports in the left Project Documentation section.
	  	The most interestings are : <a href="cobertura/index.html">coverage</a>, 
	  	<a href="apidocs/index.html">javadoc</a> and <a href="findbugs.html">findbugs</a> 
	  </subsection>
    </section>
  </body>
</document>
