<?xml version="1.0"?>
<faces-config xmlns="http://java.sun.com/xml/ns/javaee"
	xmlns:xsi="http://www.w3.org/2001/XMLSchema-instance"
	xsi:schemaLocation="http://java.sun.com/xml/ns/javaee http://java.sun.com/xml/ns/javaee/web-facesconfig_2_0.xsd"
	version="2.0">

	<!-- <lifecycle> <phase-listener>weldguess.PerViewPhaseListener</phase-listener> 
		</lifecycle> -->

	<!-- <navigation-rule> <from-view-id>/index.xhtml</from-view-id> <navigation-case> 
		<from-outcome>loggedOut</from-outcome> <to-view-id>/index.xhtml</to-view-id> 
		</navigation-case> </navigation-rule> -->

	<application>

		<!-- <system-event-listener> <system-event-listener-class>weldguess.GuiceVariableResolver</system-event-listener-class> 
			<system-event-class>javax.faces.event.PreRenderComponentEvent</system-event-class> 
			</system-event-listener> -->
			
		<!--internationalization-->
		<message-bundle>i18n.messages</message-bundle>
		<locale-config>
			<default-locale>en</default-locale>
			<supported-locale>fr</supported-locale>
			<supported-locale>en</supported-locale>
		</locale-config>
		<resource-bundle>
			<base-name>i18n.messages</base-name>
			<var>m</var>
		</resource-bundle>
	</application>

</faces-config>